1,BanhQuyAFCViComNon 
2,BanhQuyPhoMaiGery 
3,BanhQuyYenMachSocolaCosy 
4,BanhXopNabatiWafer 
5,BlendHouseCaPheRangXay 
6,ChaoGaGauDo 
7,CocaColaNguyenBan 
8,DauGoiDauClearMen 
9,DauGoiDauHead_Shoulder 
10,DauGoiXmenForBoss 
11,GiaViNemSanCaKho 
12,HatNguCocMilo 
13,HatVaHoaQuaBuaSangDinhDuong 
14,KemDanhRangColgate 
15,KeoMamXoiVaDao 
16,MeXungGionThienHuong 
17,MiLyHaoHaoTomChuaCay 
18,MiTomLyCungDinh 
19,MiXaoHaoHaoTomHanh 
20,MiXaoHaoHaoTomXaoChuaNgot 
21,NuocC2TraXanhViChanh 
22,NuocCoGazPepsiCola 
23,SnickersOats 
24,SotChamThitNuongHanQuoc 
25,SuaCGHLViDau 
26,SuaChuaVinamilkCoDuong 
27,SuaDauNanhFami1Lit 
28,SuaTamLifebuoyVitaminDo 
29,SuaTuoiDalatMilk 
30,SuaYomostViCam 
31,TokpokkiHanQuoc 
32,TuongCaNamDuong 
33,TraThaiNguyenHuongNhai 
34,TraVietQuat_HoaAtisoDo 
35,TrungGaAnLien 
36,TrungGaAnLienDevi 
37,TrungGaTuoiQLE 
38,TrungVitKho 
39,XylitolHuongLimeMint 
40,TuongOtChinSu 
41,XaPhongRuaTayLifeBuoyXanh 
42,XucXichBapFiveStars 
43,XucXichHeoCaoBoiPhoMaiBapBo 
44,XucXichPonnieThitHeo 
